{"1748243272227.jpg": {"x": 188, "y": 187, "w": 186, "h": 189, "distance": 9.31317925673492, "is_lock_original": true, "lock_angle": 0, "is_key_in": false, "key_angle": 0}, "1748242739885.jpg": {"x": 188, "y": 259, "w": 58, "h": 58, "distance": 34.08511004456237, "is_lock_original": true, "lock_angle": 0, "is_key_in": false, "key_angle": 0}, "1748242735532.jpg": {"x": 386, "y": 242, "w": 59, "h": 58, "distance": 33.858275637569214, "is_lock_original": true, "lock_angle": 0, "is_key_in": false, "key_angle": 0}, "1748242778221.jpg": {"x": 294, "y": 155, "w": 167, "h": 174, "distance": 12.478369207326388, "is_lock_original": true, "lock_angle": 0, "is_key_in": false, "key_angle": 0}, "1748243331219.jpg": {"x": 220, "y": 201, "w": 147, "h": 160, "distance": 15.99326106200342, "is_lock_original": true, "lock_angle": 0, "is_key_in": false, "key_angle": 0}, "1748242734557.jpg": {"x": 388, "y": 248, "w": 50, "h": 57, "distance": 35.920031730122176, "is_lock_original": false, "lock_angle": [89.51942443847656], "is_key_in": false, "key_angle": [89.51942443847656]}}